<?xml version="1.0"?>
<config xmlns:xsi="http://www.w3.org/2001/XMLSchema-instance" xsi:noNamespaceSchemaLocation="urn:magento:module:Magento_Backend:etc/menu.xsd">
    <menu>
        <add id="Movie_Ticket::ticket"
             title="Movie Management"
             module="Movie_Ticket"
             sortOrder="20"
             resource="Movie_Ticket::ticket"
             parent="Magento_Catalog::catalog"/>
        <add id="Movie_Ticket::film"
             title="Films"
             module="Movie_Ticket"
             sortOrder="10"
             action="movie_ticket/film"
             resource="Movie_Ticket::film"
             parent="Movie_Ticket::ticket"/>
        <add id="Movie_Ticket::tickets"
             title="Tickets"
             module="Movie_Ticket"
             sortOrder="15"
             action="movie_ticket/ticket"
             resource="Movie_Ticket::tickets"
             parent="Movie_Ticket::ticket"/>
        <add id="Movie_Ticket::rooms"
             title="Rooms"
             module="Movie_Ticket"
             sortOrder="20"
             action="movie_ticket/room"
             resource="Movie_Ticket::rooms"
             parent="Movie_Ticket::ticket"/>
        <add id="Movie_Ticket::template"
             title="PDF Templates"
             module="Movie_Ticket"
             sortOrder="25"
             action="movie_ticket/template"
             resource="Movie_Ticket::template"
             parent="Movie_Ticket::ticket"/>
        <add id="Movie_Ticket::cinema"
             title="Cinemas"
             module="Movie_Ticket"
             sortOrder="30"
             action="movie_ticket/cinema"
             resource="Movie_Ticket::cinema"
             parent="Movie_Ticket::ticket"/>
        <add id="Movie_Ticket::config_ticket"
             title="Configuration"
             module="Movie_Ticket"
             sortOrder="35"
             action="adminhtml/system_config/edit/section/movie_ticket"
             resource="Movie_Ticket::config_ticket"
             parent="Movie_Ticket::ticket"/>
    </menu>
</config>
