<?xml version="1.0"?>
<config xmlns:xsi="http://www.w3.org/2001/XMLSchema-instance" xsi:noNamespaceSchemaLocation="urn:magento:module:Magento_Config:etc/system_file.xsd">
    <system>
        <tab id="movie" translate="label" sortOrder="200">
            <label>Movie</label>
        </tab>
        <section id="movie_ticket" translate="label" type="text" sortOrder="30" showInDefault="1" showInWebsite="1" showInStore="1">
            <class>separator-top</class>
            <label>Movie Ticket</label>
            <tab>movie</tab>
            <resource>Movie_Ticket::config_ticket</resource>
            <group id="general_config" translate="label" type="text" sortOrder="80" showInDefault="1" showInWebsite="1" showInStore="1">
                <label>General</label>
                <field id="pattern_code" translate="label comment" type="text" sortOrder="10" showInDefault="1" showInWebsite="1" showInStore="1">
                    <label>Pattern To Generate Code</label>
                    <tooltip><![CDATA[Pattern when generate code</br>
                    <ol><li>[A2] : Random 2 characters</li>
                    <li>[N3] : Random 3 numbers</li>
                    <li>Magenest : Fixed characters</li>
                    </ol>
                    Example:
                    <ol><li>[A2][N1]Movie[N3][A2] => Ah3Magenest368ot</li>
                    <li>[N2][A2]ecommerce[N1][A2] => 54Phecommerce2mA</li>
                    </ol>
                    ]]></tooltip>
                </field>
                <field id="date_format" translate="date format" type="select" sortOrder="15" showInDefault="1" showInWebsite="1" showInStore="1">
                    <label>Date format</label>
                    <source_model>Movie\Ticket\Model\Config\Source\DateFormat</source_model>
                    <tooltip><![CDATA[Event date format.</br>
                     Default format: d-m-Y
                    <ul>
                    <li>D : day of the week</li>
                    <li>d : date</li>
                    <li>jS: date with suffix</li>
                    <li>m : month (number)</li>
                    <li>M : month (text)</li>
                    <li>y : year (4 digit)</li>
                    <li>Y : year (2 digit)</li>
                    </ul>
                   ]]></tooltip>
                </field>
                <field id="hide_expired" translate="label" type="select" sortOrder="18" showInWebsite="1" showInDefault="1" showInStore="1" canRestore="1">
                    <label>Auto hide expired dates</label>
                    <source_model>Magento\Config\Model\Config\Source\Yesno</source_model>
                </field>
                <field id="google_map" translate='display google maps' type="select" sortOrder="20" showInDefault="1" showInWebsite="1" showInStore="1">
                    <label>Display Google Maps for events</label>
                    <source_model>Magento\Config\Model\Config\Source\Yesno</source_model>
                </field>
                <field id="google_api_key" translate="label comment" type="text" sortOrder="25" showInDefault="1" showInWebsite="0" showInStore="0">
                    <label>Google Maps API Key</label>
                    <comment><![CDATA[Default key: AIzaSyCpi0fGkOSmkv1u_02poRTMB480GlscrwY]]></comment>
                    <depends>
                        <field id="google_map">1</field>
                    </depends>
                </field>
                <field id="delete_qty" translate="label" type="select" sortOrder="10" showInDefault="1" showInWebsite="1" showInStore="1">
                    <label>Change quantity</label>
                    <source_model>Movie\Ticket\Model\Config\Source\ChangeQty</source_model>
                </field>
            </group>
            <group id="ticket_config" translate="label" type="text" sortOrder="90" showInDefault="1" showInWebsite="1" showInStore="1">
                <label>Ticket</label>
                <field id="ticket" translate="label" type="select" sortOrder="10" showInDefault="1" showInWebsite="1" showInStore="1">
                    <label>When ordered qty X > 1</label>
                    <source_model>Movie\Ticket\Model\Config\Source\Ticket</source_model>
                    <comment><![CDATA[When customer order multiple ticket items with the same configuration:
                        <ol><li>Generate one ticket with qty = X</li>
                        <li>Generate X tickets with qty = 1 </li>
                        </ol>
                        Each ticket has an unique code.]]></comment>
                    <tooltip>Orders with registered personal information will always generate multiple tickets.</tooltip>
                </field>
            </group>
<!--            add config event top menu link-->
            <group id="event_header_link_config" translate="label" type="text" sortOrder="110" showInDefault="1" showInWebsite="1" showInStore="1">
                <label> Event Top Menu </label>
                <field id="enable_link" translate='enable_link' type="select" sortOrder="20" showInDefault="1" showInWebsite="1" showInStore="1">
                    <label>Display event top menu in frontend</label>
                    <source_model>Magento\Config\Model\Config\Source\Yesno</source_model>
                </field>
                <field id="event_name" translate="Event Name" type="text" sortOrder="10" showInDefault="1" showInWebsite="1" showInStore="1">
                    <label>Event name</label>
                </field>
            </group>
        </section>
    </system>
</config>
