<?xml version="1.0"?>
<config xmlns:xsi="http://www.w3.org/2001/XMLSchema-instance" xsi:noNamespaceSchemaLocation="urn:magento:framework:Event/etc/events.xsd">
    <event name="layout_load_before">
        <observer name="movie_ticket_layout_load_option" instance="Movie\Ticket\Observer\Layout\Load"/>
    </event>
    <event name="catalog_product_load_after">
        <observer name="movie_ticket_add" instance="Movie\Ticket\Observer\Layout\Add"/>
    </event>
    <event name="checkout_cart_product_add_after">
        <observer name="movie_ticket_cart" instance="Movie\Ticket\Observer\Option\Cart" />
    </event>
<!--    add event top menu-->
    <event name="page_block_html_topmenu_gethtml_before">
        <observer name="ticket_top_menu_observer" instance="Movie\Ticket\Observer\TopMenu" />
    </event>
</config>
