<?xml version="1.0"?>
<config xmlns:xsi="http://www.w3.org/2001/XMLSchema-instance" xsi:noNamespaceSchemaLocation="urn:magento:framework:ObjectManager/etc/config.xsd">
    <virtualType name="Movie\Ticket\Model\ResourceModel\Grid\Collection" type="Magento\Framework\View\Element\UiComponent\DataProvider\SearchResult">
        <arguments>
            <argument name="mainTable" xsi:type="string">movie_film</argument>
            <argument name="resourceModel" xsi:type="string">Movie\Ticket\Model\ResourceModel\Film</argument>
        </arguments>
    </virtualType>
    <virtualType name="Movie\Ticket\Model\ResourceModel\Ticket\Grid\Collections" type="Magento\Framework\View\Element\UiComponent\DataProvider\SearchResult">
        <arguments>
            <argument name="mainTable" xsi:type="string">movie_ticket</argument>
            <argument name="resourceModel" xsi:type="string">Movie\Ticket\Model\ResourceModel\Ticket</argument>
        </arguments>
    </virtualType>
    <virtualType name="Movie\Ticket\Model\ResourceModel\Room\Grid\Collections" type="Magento\Framework\View\Element\UiComponent\DataProvider\SearchResult">
        <arguments>
            <argument name="mainTable" xsi:type="string">movie_room</argument>
            <argument name="resourceModel" xsi:type="string">Movie\Ticket\Model\ResourceModel\Room</argument>
        </arguments>
    </virtualType>
    <virtualType name="Movie\Ticket\Model\ResourceModel\Ticket\Grid\Collections\Template" type="Magento\Framework\View\Element\UiComponent\DataProvider\SearchResult">
        <arguments>
            <argument name="mainTable" xsi:type="string">movie_ticket_template</argument>
            <argument name="resourceModel" xsi:type="string">Movie\Ticket\Model\ResourceModel\Template</argument>
        </arguments>
    </virtualType>
    <virtualType name="Movie\Ticket\Model\ResourceModel\Ticket\Cinema\Collections" type="Magento\Framework\View\Element\UiComponent\DataProvider\SearchResult">
        <arguments>
            <argument name="mainTable" xsi:type="string">movie_cinema</argument>
            <argument name="resourceModel" xsi:type="string">Movie\Ticket\Model\ResourceModel\Cinema</argument>
        </arguments>
    </virtualType>
    <type name="Magento\Framework\View\Element\UiComponent\DataProvider\CollectionFactory">
        <arguments>
            <argument name="collections" xsi:type="array">
                <item name="movie_ticket_film_listing_data_source" xsi:type="string">Movie\Ticket\Model\ResourceModel\Grid\Collection</item>
                <item name="movie_ticket_ticket_listing_data_source" xsi:type="string">Movie\Ticket\Model\ResourceModel\Ticket\Grid\Collections</item>
                <item name="movie_ticket_room_listing_data_source" xsi:type="string">Movie\Ticket\Model\ResourceModel\Room\Grid\Collections</item>
                <item name="movie_ticket_template_listing_data_source" xsi:type="string">Movie\Ticket\Model\ResourceModel\Ticket\Grid\Collections\Template</item>
                <item name="movie_ticket_cinema_listing_data_source" xsi:type="string">Movie\Ticket\Model\ResourceModel\Ticket\Cinema\Collections</item>
            </argument>
        </arguments>
    </type>
    <type name="Magento\Backend\Block\Widget\Button\Toolbar">
        <plugin name="orderFormToolbarButtons" type="Movie\Ticket\Block\Widget\Button\Toolbar" />
    </type>
<!--    <preference for="Magento\Catalog\Block\Product\ListProduct" type="Movie\Ticket\Block\Product\AddToCart" />-->
<!--    <preference for="Magento\Checkout\CustomerData\DefaultItem" type="Movie\Ticket\CustomerData\DefaultItem" />-->
<!--    <preference for="Magento\Checkout\Controller\Cart\Add" type="Movie\Ticket\Controller\Cart\Add" />-->
<!--    <preference for="Magento\Sales\Controller\Order\Reorder" type="Movie\Ticket\Controller\Order\Reorder"/>-->
</config>
