<?xml version="1.0"?>
<config xmlns:xsi="http://www.w3.org/2001/XMLSchema-instance"
        xsi:noNamespaceSchemaLocation="urn:magento:module:Magento_Catalog:etc/product_types.xsd">
    <type name="film" label="Film Ticket Product" modelInstance="Movie\Ticket\Model\Product\Type\FilmTicket"
          composite="false" isQty="true" canUseQtyDecimals="false" sortOrder="80">
        <priceModel instance="Movie\Ticket\Model\Product\Type\Price"/>
        <customAttributes>
            <attribute name="refundable" value="true"/>
            <attribute name="is_real_product" value="false"/>
            <attribute name="taxable" value="true"/>
        </customAttributes>
    </type>
</config>
